{
    "numberOfExercises": 2,
    "exercises": [
        {
            "name": "Pushups",
            "description": "This exercise will target your chest and shoulders.",
            "image": "https://blog.ippon.fr/content/images/2023/09/RGFzaGF0YXJfRGV2ZWxvcGVyX092ZXJJdF9jb2xvcl9QR19zaGFkb3c-.png",
            "typeOfExercise": "timer",
            "detailsTimer": {
                "sets": 3,
                "reps": [10, 9, 8]
            },
            "detailsReps": {
                "sets": 0,
                "reps": []
            }
        },
        {
            "name": "Plank",
            "description": "This exercise will target your abs.",
            "image": "https://blog.ippon.fr/content/images/2023/09/RGFzaGF0YXJfRGV2ZWxvcGVyX092ZXJJdF9jb2xvcl9QR19zaGFkb3c-.png",
            "typeOfExercise": "reps",
            "detailsTimer": {
                "sets": 0,
                "reps": []
            },
            "detailsReps": {
                "sets": 3,
                "reps": [20, 19, 20]
            }
        }
    ]
}